entry_date,day_of_week,income,food_expenses,travel_expenses,shopping_expenses,utilities_expenses,health_expenses,other_expenses,total_expenses,savings,work_hours,study_hours,break_minutes,screen_time_hours,tasks_assigned,tasks_completed,productivity_score,steps_count,exercise_duration_min,sleep_hours,reading_meditation_min,habit_completion_pct,stress_level,mood_score,behavioral_state,next_day_expenses,next_day_productivity
2025-09-14,Sunday,0.0,1611.39,0.0,2811.97,0.0,0.0,250.0,4673.36,-4673.36,0.6,2.3,117,6.8,3,3,75.51,8989,45,8.5,30,100.0,2,8,Recovery,720.55,86.58
2025-09-15,Monday,0.0,459.13,161.42,0.0,0.0,0.0,100.0,720.55,-720.55,7.7,1.8,50,10.7,8,8,86.58,6092,30,7.1,20,100.0,3,7,Peak Focus,737.25,84.07
2025-09-16,Tuesday,0.0,488.26,148.99,0.0,0.0,0.0,100.0,737.25,-737.25,7.7,2.0,37,11.1,8,8,84.07,6711,30,6.9,20,75.0,4,6,Peak Focus,717.06,76.14
2025-09-17,Wednesday,0.0,461.67,155.39,0.0,0.0,0.0,100.0,717.06,-717.06,9.6,1.6,38,12.0,9,8,76.14,6062,30,6.4,0,50.0,6,5,Burnout Risk,753.15,76.24
2025-09-18,Thursday,0.0,466.59,186.56,0.0,0.0,0.0,100.0,753.15,-753.15,7.9,1.6,40,10.9,8,7,76.24,6626,30,6.8,20,75.0,5,6,Peak Focus,712.68,76.72
2025-09-19,Friday,0.0,453.12,159.56,0.0,0.0,0.0,100.0,712.68,-712.68,7.8,1.4,48,10.2,8,7,76.72,6154,30,6.7,20,75.0,5,6,Peak Focus,4393.07,72.56
2025-09-20,Saturday,0.0,1569.29,0.0,2573.78,0.0,0.0,250.0,4393.07,-4393.07,0.7,2.0,126,6.8,3,3,72.56,8531,30,7.8,30,100.0,2,8,Recovery,4613.98,72.9
2025-09-21,Sunday,0.0,1576.15,0.0,2787.83,0.0,0.0,250.0,4613.98,-4613.98,0.4,2.2,111,6.9,3,3,72.9,8348,30,8.0,30,100.0,2,8,Recovery,784.71,82.49
2025-09-22,Monday,0.0,525.84,158.87,0.0,0.0,0.0,100.0,784.71,-784.71,7.6,1.7,50,10.3,8,7,82.49,6460,30,7.3,20,100.0,3,7,Peak Focus,745.35,77.8
2025-09-23,Tuesday,0.0,482.42,162.93,0.0,0.0,0.0,100.0,745.35,-745.35,7.9,1.9,59,11.3,8,7,77.8,6729,30,6.8,20,75.0,4,6,Peak Focus,734.5,70.57
2025-09-24,Wednesday,0.0,478.1,156.4,0.0,0.0,0.0,100.0,734.5,-734.5,9.5,1.4,46,12.0,9,7,70.57,5906,30,6.4,0,50.0,6,5,Burnout Risk,731.91,72.04
2025-09-25,Thursday,0.0,482.87,149.04,0.0,0.0,0.0,100.0,731.91,-731.91,7.5,1.5,42,9.9,8,6,72.04,7494,30,6.7,20,75.0,5,6,Peak Focus,738.95,73.72
2025-09-26,Friday,0.0,487.17,151.78,0.0,0.0,0.0,100.0,738.95,-738.95,7.8,1.5,44,10.5,8,6,73.72,6024,30,6.8,20,75.0,4,6,Peak Focus,4804.22,58.81
2025-09-27,Saturday,0.0,1641.43,0.0,2912.79,0.0,0.0,250.0,4804.22,-4804.22,0.5,2.2,105,6.8,3,2,58.81,9187,45,7.5,30,100.0,2,8,Recovery,4492.23,56.05
2025-09-28,Sunday,0.0,1504.7,0.0,2737.53,0.0,0.0,250.0,4492.23,-4492.23,0.8,1.4,125,6.9,3,2,56.05,7704,30,7.4,30,100.0,2,8,Recovery,747.98,76.28
2025-09-29,Monday,0.0,483.16,164.82,0.0,0.0,0.0,100.0,747.98,-747.98,7.6,1.8,56,10.7,8,6,76.28,5412,30,7.2,20,100.0,3,7,Peak Focus,725.35,74.8
2025-09-30,Tuesday,0.0,461.57,163.78,0.0,0.0,0.0,100.0,725.35,-725.35,8.2,1.8,44,11.1,8,6,74.8,6380,30,7.0,20,100.0,4,6,Peak Focus,22723.54,63.36
2025-10-01,Wednesday,85000.0,454.33,169.21,0.0,22000.0,0.0,100.0,22723.54,62276.46,9.8,1.6,36,12.0,9,5,63.36,6210,30,6.4,0,50.0,6,5,Burnout Risk,711.85,67.03
2025-10-02,Thursday,0.0,459.88,151.97,0.0,0.0,0.0,100.0,711.85,-711.85,7.3,1.8,40,10.1,8,5,67.03,5144,30,6.8,20,75.0,5,6,Peak Focus,746.4,68.16
2025-10-03,Friday,0.0,463.67,182.73,0.0,0.0,0.0,100.0,746.4,-746.4,7.5,1.9,52,10.7,8,5,68.16,5598,30,6.8,20,75.0,4,6,Peak Focus,4281.56,56.61
2025-10-04,Saturday,0.0,1442.52,0.0,2589.04,0.0,0.0,250.0,4281.56,-4281.56,0.5,1.9,118,6.7,3,2,56.61,8850,60,7.2,30,100.0,2,8,Recovery,4634.5,57.25
2025-10-05,Sunday,0.0,1576.91,0.0,2807.59,0.0,0.0,250.0,4634.5,-4634.5,0.7,1.8,118,6.5,3,2,57.25,8570,30,7.2,30,100.0,2,8,Recovery,732.53,72.26
2025-10-06,Monday,0.0,475.88,156.65,0.0,0.0,0.0,100.0,732.53,-732.53,7.7,1.7,39,10.5,8,5,72.26,6838,30,7.1,20,100.0,3,7,Peak Focus,671.03,65.93
2025-10-07,Tuesday,0.0,417.7,153.33,0.0,0.0,0.0,100.0,671.03,-671.03,7.6,1.7,45,10.6,8,4,65.93,7111,30,6.9,20,75.0,3,7,Peak Focus,763.15,58.09
2025-10-08,Wednesday,0.0,507.24,155.91,0.0,0.0,0.0,100.0,763.15,-763.15,9.6,1.6,41,12.0,9,4,58.09,6231,30,6.3,0,50.0,6,5,Burnout Risk,734.01,61.75
2025-10-09,Thursday,0.0,479.42,154.59,0.0,0.0,0.0,100.0,734.01,-734.01,7.6,1.5,47,9.9,8,4,61.75,6482,30,6.5,20,75.0,5,6,Peak Focus,754.96,59.0
2025-10-10,Friday,0.0,499.82,155.14,0.0,0.0,0.0,100.0,754.96,-754.96,7.7,1.8,56,10.6,8,3,59.0,6317,30,7.0,20,100.0,4,6,Peak Focus,4464.0,43.25
2025-10-11,Saturday,0.0,1512.0,0.0,2702.0,0.0,0.0,250.0,4464.0,-4464.0,0.4,1.8,112,6.1,3,1,43.25,8278,45,7.2,30,100.0,2,8,Recovery,4525.65,42.58
2025-10-12,Sunday,0.0,1511.26,0.0,2764.39,0.0,0.0,250.0,4525.65,-4525.65,0.2,2.1,141,6.6,3,1,42.58,7440,60,7.2,30,100.0,2,8,Recovery,768.51,62.47
2025-10-13,Monday,0.0,493.08,175.43,0.0,0.0,0.0,100.0,768.51,-768.51,7.6,1.6,50,10.0,8,3,62.47,5879,30,7.1,20,100.0,3,7,Peak Focus,736.79,58.65
2025-10-14,Tuesday,0.0,476.18,160.61,0.0,0.0,0.0,100.0,736.79,-736.79,7.8,2.1,50,11.3,8,3,58.65,6319,30,6.9,20,75.0,4,6,Peak Focus,721.68,58.18
2025-10-15,Wednesday,0.0,457.29,164.39,0.0,0.0,0.0,100.0,721.68,-721.68,10.1,1.4,52,12.0,9,4,58.18,6171,30,6.2,0,50.0,6,5,Burnout Risk,743.58,56.47
2025-10-16,Thursday,0.0,469.05,174.53,0.0,0.0,0.0,100.0,743.58,-743.58,7.9,1.5,41,10.5,8,3,56.47,6665,30,6.6,20,75.0,5,6,Peak Focus,742.36,59.92
2025-10-17,Friday,0.0,489.05,153.31,0.0,0.0,0.0,100.0,742.36,-742.36,7.9,1.8,44,10.5,8,3,59.92,5859,30,6.8,20,75.0,4,6,Peak Focus,4734.74,42.94
2025-10-18,Saturday,0.0,1625.93,0.0,2858.81,0.0,0.0,250.0,4734.74,-4734.74,0.4,1.9,120,6.6,3,1,42.94,7938,60,7.2,30,100.0,2,8,Recovery,4609.99,43.49
2025-10-19,Sunday,0.0,1522.59,0.0,2837.4,0.0,0.0,250.0,4609.99,-4609.99,0.9,1.5,119,6.5,3,1,43.49,7797,60,7.2,30,100.0,2,8,Recovery,738.33,62.5
2025-10-20,Monday,0.0,482.16,156.17,0.0,0.0,0.0,100.0,738.33,-738.33,8.0,1.9,51,11.1,8,3,62.5,5824,30,7.4,20,100.0,3,7,Peak Focus,729.31,59.04
2025-10-21,Tuesday,0.0,486.74,142.57,0.0,0.0,0.0,100.0,729.31,-729.31,7.6,1.8,40,10.7,8,3,59.04,6325,30,6.9,20,75.0,4,6,Peak Focus,751.87,59.36
2025-10-22,Wednesday,0.0,496.09,155.78,0.0,0.0,0.0,100.0,751.87,-751.87,10.1,1.3,38,12.0,9,4,59.36,5508,30,6.8,0,50.0,6,5,Burnout Risk,653.03,59.04
2025-10-23,Thursday,0.0,398.52,154.51,0.0,0.0,0.0,100.0,653.03,-653.03,7.8,1.8,51,10.6,8,3,59.04,6588,30,6.9,20,75.0,4,6,Peak Focus,740.05,58.25
2025-10-24,Friday,0.0,481.09,158.96,0.0,0.0,0.0,100.0,740.05,-740.05,8.0,1.7,48,11.0,8,3,58.25,6240,30,6.7,20,75.0,4,6,Peak Focus,4442.91,44.04
2025-10-25,Saturday,0.0,1482.82,0.0,2710.09,0.0,0.0,250.0,4442.91,-4442.91,0.3,2.2,112,6.5,3,1,44.04,7899,30,7.2,30,100.0,2,8,Recovery,4535.43,41.98
2025-10-26,Sunday,0.0,1503.85,0.0,2781.58,0.0,0.0,250.0,4535.43,-4535.43,0.3,1.8,123,6.7,3,1,41.98,8675,30,7.2,30,100.0,2,8,Recovery,723.07,61.31
2025-10-27,Monday,0.0,459.66,163.41,0.0,0.0,0.0,100.0,723.07,-723.07,7.8,1.7,51,11.0,8,3,61.31,6221,30,7.3,20,100.0,3,7,Peak Focus,747.11,59.06
2025-10-28,Tuesday,0.0,467.99,179.12,0.0,0.0,0.0,100.0,747.11,-747.11,8.0,1.7,44,10.9,8,3,59.06,6536,30,6.8,20,75.0,4,6,Peak Focus,688.1,58.59
2025-10-29,Wednesday,0.0,436.59,151.51,0.0,0.0,0.0,100.0,688.1,-688.1,9.9,1.4,48,12.0,9,4,58.59,5907,30,6.7,0,50.0,6,5,Burnout Risk,780.31,55.21
2025-10-30,Thursday,0.0,494.92,185.39,0.0,0.0,0.0,100.0,780.31,-780.31,7.0,1.6,42,10.0,8,3,55.21,6069,30,6.6,20,75.0,5,6,Peak Focus,779.54,59.0
2025-10-31,Friday,0.0,511.31,168.23,0.0,0.0,0.0,100.0,779.54,-779.54,7.9,1.8,52,10.9,8,3,59.0,6449,30,7.0,20,100.0,4,6,Peak Focus,26362.7,43.7
2025-11-01,Saturday,85000.0,1568.21,0.0,2544.49,22000.0,0.0,250.0,26362.7,58637.3,0.1,2.4,117,6.7,3,1,43.7,9152,30,7.2,30,100.0,2,8,Recovery,4730.83,41.75
2025-11-02,Sunday,0.0,1376.01,0.0,3104.82,0.0,0.0,250.0,4730.83,-4730.83,0.5,1.2,119,5.3,3,1,41.75,8534,60,7.2,30,100.0,2,8,Recovery,732.64,61.72
2025-11-03,Monday,0.0,461.9,170.74,0.0,0.0,0.0,100.0,732.64,-732.64,7.6,1.9,47,11.0,8,3,61.72,6417,30,7.4,20,100.0,3,7,Peak Focus,711.36,59.37
2025-11-04,Tuesday,0.0,472.82,138.54,0.0,0.0,0.0,100.0,711.36,-711.36,7.7,1.5,41,10.4,8,3,59.37,6204,30,7.0,20,100.0,4,6,Peak Focus,713.94,57.72
2025-11-05,Wednesday,0.0,464.54,149.4,0.0,0.0,0.0,100.0,713.94,-713.94,9.8,1.3,42,12.0,9,4,57.72,6027,30,6.3,0,50.0,6,5,Burnout Risk,720.66,56.08
2025-11-06,Thursday,0.0,463.19,157.47,0.0,0.0,0.0,100.0,720.66,-720.66,7.8,1.6,45,10.6,8,3,56.08,6939,30,6.6,20,75.0,5,6,Peak Focus,755.5,59.11
2025-11-07,Friday,0.0,489.74,165.76,0.0,0.0,0.0,100.0,755.5,-755.5,7.7,1.9,43,10.8,8,3,59.11,6046,30,6.9,20,75.0,4,6,Peak Focus,4529.59,43.08
2025-11-08,Saturday,0.0,1480.08,0.0,2799.51,0.0,0.0,250.0,4529.59,-4529.59,0.3,1.6,108,5.2,3,1,43.08,8004,30,7.2,30,100.0,2,8,Recovery,4493.55,44.79
2025-11-09,Sunday,0.0,1445.23,0.0,2798.32,0.0,0.0,250.0,4493.55,-4493.55,0.4,2.3,116,6.5,3,1,44.79,8897,45,7.2,30,100.0,2,8,Recovery,736.09,61.84
2025-11-10,Monday,0.0,458.14,177.95,0.0,0.0,0.0,100.0,736.09,-736.09,7.8,1.8,39,11.0,8,3,61.84,6458,30,7.2,20,100.0,3,7,Peak Focus,758.02,59.15
2025-11-11,Tuesday,0.0,506.17,151.85,0.0,0.0,0.0,100.0,758.02,-758.02,7.5,2.1,45,10.9,8,3,59.15,6656,30,7.0,20,100.0,4,6,Peak Focus,659.05,58.69
2025-11-12,Wednesday,0.0,406.53,152.52,0.0,0.0,0.0,100.0,659.05,-659.05,9.8,1.6,42,12.0,9,4,58.69,5505,30,6.4,0,50.0,6,5,Burnout Risk,732.89,56.31
2025-11-13,Thursday,0.0,471.29,161.6,0.0,0.0,0.0,100.0,732.89,-732.89,7.8,1.4,56,10.3,8,3,56.31,6215,30,6.9,20,75.0,5,6,Peak Focus,743.58,56.4
2025-11-14,Friday,0.0,475.95,167.63,0.0,0.0,0.0,100.0,743.58,-743.58,7.7,1.7,44,10.7,8,3,56.4,6554,30,6.8,20,75.0,5,6,Peak Focus,4748.87,42.17
2025-11-15,Saturday,0.0,1615.99,0.0,2882.88,0.0,0.0,250.0,4748.87,-4748.87,0.6,1.4,117,6.2,3,1,42.17,9054,60,7.2,30,100.0,2,8,Recovery,4685.73,46.96
2025-11-16,Sunday,0.0,1621.39,0.0,2814.34,0.0,0.0,250.0,4685.73,-4685.73,0.9,2.4,104,6.9,3,1,46.96,7393,45,7.2,30,100.0,2,8,Recovery,756.62,62.35
2025-11-17,Monday,0.0,484.15,172.47,0.0,0.0,0.0,100.0,756.62,-756.62,7.8,1.9,46,10.8,8,3,62.35,6603,30,7.2,20,100.0,3,7,Peak Focus,737.25,58.25
2025-11-18,Tuesday,0.0,480.73,156.52,0.0,0.0,0.0,100.0,737.25,-737.25,7.9,1.6,43,11.0,8,3,58.25,6560,30,6.8,20,75.0,4,6,Peak Focus,689.28,57.73
2025-11-19,Wednesday,0.0,419.19,170.09,0.0,0.0,0.0,100.0,689.28,-689.28,9.7,1.4,46,12.0,9,4,57.73,6746,30,6.4,0,50.0,6,5,Burnout Risk,787.9,56.15
2025-11-20,Thursday,0.0,526.09,161.81,0.0,0.0,0.0,100.0,787.9,-787.9,7.6,1.6,49,10.2,8,3,56.15,5376,30,6.5,20,75.0,5,6,Peak Focus,675.06,58.74
2025-11-21,Friday,0.0,426.46,148.6,0.0,0.0,0.0,100.0,675.06,-675.06,8.1,1.8,49,11.2,8,3,58.74,6445,30,6.9,20,75.0,4,6,Peak Focus,4608.21,40.07
2025-11-22,Saturday,0.0,1661.77,0.0,2696.44,0.0,0.0,250.0,4608.21,-4608.21,0.5,1.8,127,7.1,3,1,40.07,8461,30,7.2,30,100.0,3,8,Recovery,4614.22,42.9
2025-11-23,Sunday,0.0,1614.59,0.0,2749.63,0.0,0.0,250.0,4614.22,-4614.22,0.3,1.9,130,6.1,3,1,42.9,8167,60,7.2,30,100.0,2,8,Recovery,735.1,62.84
2025-11-24,Monday,0.0,477.41,157.69,0.0,0.0,0.0,100.0,735.1,-735.1,7.5,1.8,49,10.0,8,3,62.84,6378,30,7.1,20,100.0,3,7,Peak Focus,724.71,58.84
2025-11-25,Tuesday,0.0,464.95,159.76,0.0,0.0,0.0,100.0,724.71,-724.71,7.7,1.6,60,10.5,8,3,58.84,6405,30,7.1,20,100.0,4,6,Peak Focus,755.05,58.29
2025-11-26,Wednesday,0.0,497.6,157.45,0.0,0.0,0.0,100.0,755.05,-755.05,9.7,1.5,39,12.0,9,4,58.29,6234,30,6.4,0,50.0,6,5,Burnout Risk,684.46,59.19
2025-11-27,Thursday,0.0,432.24,152.22,0.0,0.0,0.0,100.0,684.46,-684.46,8.0,1.4,46,10.5,8,3,59.19,5743,30,7.0,20,100.0,4,6,Peak Focus,725.6,59.73
2025-11-28,Friday,0.0,477.82,147.78,0.0,0.0,0.0,100.0,725.6,-725.6,8.0,1.8,42,10.9,8,3,59.73,6553,30,7.0,20,100.0,4,6,Peak Focus,4558.75,43.6
2025-11-29,Saturday,0.0,1599.27,0.0,2709.48,0.0,0.0,250.0,4558.75,-4558.75,0.6,1.9,116,6.8,3,1,43.6,7659,60,7.2,30,100.0,2,8,Recovery,4378.23,43.77
2025-11-30,Sunday,0.0,1450.68,0.0,2677.55,0.0,0.0,250.0,4378.23,-4378.23,0.7,1.9,128,6.8,3,1,43.77,8330,30,7.2,30,100.0,2,8,Recovery,22738.85,61.85
2025-12-01,Monday,85000.0,484.3,154.55,0.0,22000.0,0.0,100.0,22738.85,62261.15,8.0,1.6,57,10.4,8,3,61.85,5698,30,6.9,20,75.0,3,7,Peak Focus,709.64,59.39
2025-12-02,Tuesday,0.0,462.52,147.12,0.0,0.0,0.0,100.0,709.64,-709.64,8.1,2.0,51,11.2,8,3,59.39,6220,30,6.9,20,75.0,4,6,Peak Focus,710.61,60.09
2025-12-03,Wednesday,0.0,434.91,175.7,0.0,0.0,0.0,100.0,710.61,-710.61,10.2,1.6,39,12.0,9,4,60.09,6773,30,6.6,0,50.0,6,5,Burnout Risk,720.19,56.85
2025-12-04,Thursday,0.0,474.53,145.66,0.0,0.0,0.0,100.0,720.19,-720.19,7.8,1.7,33,10.6,8,3,56.85,6355,30,6.6,20,75.0,5,6,Peak Focus,719.33,59.38
2025-12-05,Friday,0.0,462.38,156.95,0.0,0.0,0.0,100.0,719.33,-719.33,8.0,1.6,50,10.4,8,3,59.38,7176,30,6.7,20,75.0,4,6,Peak Focus,4377.82,43.06
2025-12-06,Saturday,0.0,1380.45,0.0,2747.37,0.0,0.0,250.0,4377.82,-4377.82,0.2,1.8,113,5.5,3,1,43.06,8693,45,7.2,30,100.0,2,8,Recovery,4536.12,45.43
2025-12-07,Sunday,0.0,1497.29,0.0,2788.83,0.0,0.0,250.0,4536.12,-4536.12,0.7,2.3,112,7.0,3,1,45.43,8046,60,7.2,30,100.0,2,8,Recovery,739.82,61.36
2025-12-08,Monday,0.0,471.48,168.34,0.0,0.0,0.0,100.0,739.82,-739.82,7.5,1.9,54,10.7,8,3,61.36,6832,30,7.2,20,100.0,3,7,Peak Focus,729.54,59.39
2025-12-09,Tuesday,0.0,459.01,170.53,0.0,0.0,0.0,100.0,729.54,-729.54,7.9,1.8,49,10.6,8,3,59.39,5967,30,6.7,20,75.0,4,6,Peak Focus,707.93,58.96
2025-12-10,Wednesday,0.0,452.27,155.66,0.0,0.0,0.0,100.0,707.93,-707.93,9.8,1.6,39,12.0,9,4,58.96,5994,30,6.5,0,50.0,6,5,Burnout Risk,747.77,56.25
2025-12-11,Thursday,0.0,485.8,161.97,0.0,0.0,0.0,100.0,747.77,-747.77,8.0,1.5,44,10.6,8,3,56.25,6879,30,6.5,20,75.0,5,6,Peak Focus,733.92,58.95
2025-12-12,Friday,0.0,450.93,182.99,0.0,0.0,0.0,100.0,733.92,-733.92,7.9,1.7,53,10.7,8,3,58.95,6919,30,6.9,20,75.0,4,6,Peak Focus,4236.46,43.81
2025-12-13,Saturday,0.0,1476.51,0.0,2509.95,0.0,0.0,250.0,4236.46,-4236.46,0.8,1.6,115,6.3,3,1,43.81,7527,45,7.2,30,100.0,2,8,Recovery,4600.38,42.97
2025-12-14,Sunday,0.0,1542.23,0.0,2808.15,0.0,0.0,250.0,4600.38,-4600.38,0.6,1.8,111,7.1,3,1,42.97,7868,30,7.2,30,100.0,2,8,Recovery,734.35,61.77
2025-12-15,Monday,0.0,462.41,171.94,0.0,0.0,0.0,100.0,734.35,-734.35,7.9,1.8,48,10.9,8,3,61.77,6606,30,7.1,20,100.0,3,7,Peak Focus,742.77,62.35
2025-12-16,Tuesday,0.0,483.64,159.13,0.0,0.0,0.0,100.0,742.77,-742.77,8.3,1.9,42,11.4,8,3,62.35,6362,30,7.2,20,100.0,3,7,Peak Focus,732.36,59.28
2025-12-17,Wednesday,0.0,472.67,159.69,0.0,0.0,0.0,100.0,732.36,-732.36,9.8,1.6,34,12.0,9,4,59.28,5921,30,6.6,0,50.0,6,5,Burnout Risk,746.19,55.68
2025-12-18,Thursday,0.0,485.76,160.43,0.0,0.0,0.0,100.0,746.19,-746.19,7.9,1.6,45,10.8,8,3,55.68,6308,30,6.5,20,75.0,5,6,Peak Focus,704.69,58.94
2025-12-19,Friday,0.0,444.05,160.64,0.0,0.0,0.0,100.0,704.69,-704.69,7.9,2.0,50,11.2,8,3,58.94,6792,30,7.0,20,100.0,4,6,Peak Focus,4608.64,42.99
2025-12-20,Saturday,0.0,1536.63,0.0,2822.01,0.0,0.0,250.0,4608.64,-4608.64,0.3,1.9,113,6.3,3,1,42.99,8120,30,7.2,30,100.0,2,8,Recovery,4561.24,42.84
2025-12-21,Sunday,0.0,1553.71,0.0,2757.53,0.0,0.0,250.0,4561.24,-4561.24,0.6,1.7,120,6.7,3,1,42.84,8295,30,7.2,30,100.0,2,8,Recovery,707.97,61.87
2025-12-22,Monday,0.0,442.4,165.57,0.0,0.0,0.0,100.0,707.97,-707.97,7.7,1.8,49,10.6,8,3,61.87,6842,30,7.1,20,100.0,3,7,Peak Focus,766.7,58.33
2025-12-23,Tuesday,0.0,487.59,179.11,0.0,0.0,0.0,100.0,766.7,-766.7,7.9,1.6,46,11.1,8,3,58.33,6165,30,7.0,20,100.0,4,6,Peak Focus,725.58,57.94
2025-12-24,Wednesday,0.0,458.8,166.78,0.0,0.0,0.0,100.0,725.58,-725.58,9.8,1.4,47,12.0,9,4,57.94,6471,30,6.4,0,50.0,6,5,Burnout Risk,713.84,56.0
2025-12-25,Thursday,0.0,451.41,162.43,0.0,0.0,0.0,100.0,713.84,-713.84,7.9,1.5,41,10.7,8,3,56.0,6473,30,6.6,20,75.0,5,6,Peak Focus,768.04,55.52
2025-12-26,Friday,0.0,503.02,165.02,0.0,0.0,0.0,100.0,768.04,-768.04,7.5,1.7,49,10.5,8,3,55.52,6240,30,6.5,20,75.0,5,6,Peak Focus,4766.84,40.92
2025-12-27,Saturday,0.0,1529.46,0.0,2987.38,0.0,0.0,250.0,4766.84,-4766.84,0.4,1.7,136,5.4,3,1,40.92,8456,45,7.2,30,100.0,3,8,Recovery,4486.27,44.26
2025-12-28,Sunday,0.0,1585.57,0.0,2650.7,0.0,0.0,250.0,4486.27,-4486.27,0.5,1.9,112,6.0,3,1,44.26,8041,30,7.2,30,100.0,2,8,Recovery,766.57,61.69
2025-12-29,Monday,0.0,490.38,176.19,0.0,0.0,0.0,100.0,766.57,-766.57,7.9,1.8,50,10.7,8,3,61.69,6025,30,6.9,20,75.0,3,7,Peak Focus,715.31,60.31
2025-12-30,Tuesday,0.0,443.48,171.83,0.0,0.0,0.0,100.0,715.31,-715.31,8.0,1.7,48,10.6,8,3,60.31,6364,30,7.1,20,100.0,4,6,Peak Focus,722.52,57.12
2025-12-31,Wednesday,0.0,465.26,157.26,0.0,0.0,0.0,100.0,722.52,-722.52,9.5,1.3,46,12.0,9,4,57.12,6256,30,6.5,0,50.0,6,5,Burnout Risk,22757.88,56.69
2026-01-01,Thursday,85000.0,492.7,165.18,0.0,22000.0,0.0,100.0,22757.88,62242.12,8.0,1.7,44,10.9,8,3,56.69,6526,30,6.8,20,75.0,5,6,Peak Focus,758.71,55.81
2026-01-02,Friday,0.0,503.31,155.4,0.0,0.0,0.0,100.0,758.71,-758.71,8.2,1.8,44,11.5,8,3,55.81,7012,30,6.6,20,75.0,5,6,Peak Focus,4919.39,40.58
2026-01-03,Saturday,0.0,1548.05,0.0,3121.34,0.0,0.0,250.0,4919.39,-4919.39,0.4,1.7,99,6.3,3,1,40.58,8387,30,7.2,30,100.0,3,8,Recovery,4452.75,43.52
2026-01-04,Sunday,0.0,1416.51,0.0,2786.24,0.0,0.0,250.0,4452.75,-4452.75,0.5,1.8,126,6.0,3,1,43.52,8071,45,7.2,30,100.0,2,8,Recovery,756.25,60.56
2026-01-05,Monday,0.0,470.31,185.94,0.0,0.0,0.0,100.0,756.25,-756.25,8.0,2.0,54,11.8,8,3,60.56,6538,30,7.2,20,100.0,3,7,Peak Focus,735.67,58.71
2026-01-06,Tuesday,0.0,491.16,144.51,0.0,0.0,0.0,100.0,735.67,-735.67,8.1,2.0,50,11.5,8,3,58.71,5876,30,6.9,20,75.0,4,6,Peak Focus,703.36,59.34
2026-01-07,Wednesday,0.0,469.46,133.9,0.0,0.0,0.0,100.0,703.36,-703.36,9.7,1.7,34,12.0,9,4,59.34,6763,30,6.6,0,50.0,6,5,Burnout Risk,689.63,54.52
2026-01-08,Thursday,0.0,426.87,162.76,0.0,0.0,0.0,100.0,689.63,-689.63,7.7,1.5,52,10.8,8,3,54.52,6029,30,6.5,20,75.0,5,6,Peak Focus,693.33,59.85
2026-01-09,Friday,0.0,441.0,152.33,0.0,0.0,0.0,100.0,693.33,-693.33,7.7,1.7,47,10.3,8,3,59.85,6975,30,7.0,20,100.0,4,6,Peak Focus,4387.91,41.0
2026-01-10,Saturday,0.0,1449.21,0.0,2688.7,0.0,0.0,250.0,4387.91,-4387.91,0.4,1.2,111,5.7,3,1,41.0,9294,30,7.2,30,100.0,2,8,Recovery,4632.7,43.17
2026-01-11,Sunday,0.0,1525.74,0.0,2856.96,0.0,0.0,250.0,4632.7,-4632.7,0.2,2.0,98,6.4,3,1,43.17,8685,60,7.2,30,100.0,2,8,Recovery,709.76,62.09
2026-01-12,Monday,0.0,445.28,164.48,0.0,0.0,0.0,100.0,709.76,-709.76,7.8,1.7,50,10.5,8,3,62.09,6324,30,7.1,20,100.0,3,7,Peak Focus,721.37,59.87
2026-01-13,Tuesday,0.0,470.08,151.29,0.0,0.0,0.0,100.0,721.37,-721.37,7.9,1.7,53,10.4,8,3,59.87,7575,30,6.9,20,75.0,4,6,Peak Focus,710.06,58.48
2026-01-14,Wednesday,0.0,459.23,150.83,0.0,0.0,0.0,100.0,710.06,-710.06,9.9,1.4,47,12.0,9,4,58.48,6386,30,6.6,0,50.0,6,5,Burnout Risk,725.94,56.2
2026-01-15,Thursday,0.0,476.71,149.23,0.0,0.0,0.0,100.0,725.94,-725.94,7.8,1.5,45,10.5,8,3,56.2,6474,30,6.7,20,75.0,5,6,Peak Focus,748.46,59.27
2026-01-16,Friday,0.0,474.11,174.35,0.0,0.0,0.0,100.0,748.46,-748.46,7.6,1.8,53,10.5,8,3,59.27,6489,30,7.1,20,100.0,4,6,Peak Focus,4716.67,43.26
2026-01-17,Saturday,0.0,1524.44,0.0,2942.23,0.0,0.0,250.0,4716.67,-4716.67,0.3,2.1,125,6.6,3,1,43.26,8517,60,7.2,30,100.0,2,8,Recovery,4331.6,41.86
2026-01-18,Sunday,0.0,1377.44,0.0,2704.16,0.0,0.0,250.0,4331.6,-4331.6,0.7,1.4,131,6.7,3,1,41.86,8637,30,7.2,30,100.0,2,8,Recovery,752.28,61.48
2026-01-19,Monday,0.0,517.27,135.01,0.0,0.0,0.0,100.0,752.28,-752.28,8.0,1.7,62,11.1,8,3,61.48,6270,30,7.4,20,100.0,3,7,Peak Focus,747.5,60.92
2026-01-20,Tuesday,0.0,478.97,168.53,0.0,0.0,0.0,100.0,747.5,-747.5,8.0,2.2,57,11.5,8,3,60.92,6637,30,6.9,20,75.0,3,7,Peak Focus,682.52,58.37
2026-01-21,Wednesday,0.0,432.41,150.11,0.0,0.0,0.0,100.0,682.52,-682.52,9.8,1.4,40,12.0,9,4,58.37,6140,30,6.5,0,50.0,6,5,Burnout Risk,731.5,56.1
2026-01-22,Thursday,0.0,473.75,157.75,0.0,0.0,0.0,100.0,731.5,-731.5,7.9,1.4,40,10.7,8,3,56.1,5907,30,6.8,20,75.0,5,6,Peak Focus,733.61,59.39
2026-01-23,Friday,0.0,473.81,159.8,0.0,0.0,0.0,100.0,733.61,-733.61,7.5,1.6,49,10.0,8,3,59.39,6531,30,6.9,20,75.0,4,6,Peak Focus,4690.14,42.73
2026-01-24,Saturday,0.0,1553.25,0.0,2886.89,0.0,0.0,250.0,4690.14,-4690.14,0.5,1.7,121,6.4,3,1,42.73,8224,30,7.2,30,100.0,2,8,Recovery,4724.05,43.54
2026-01-25,Sunday,0.0,1605.42,0.0,2868.63,0.0,0.0,250.0,4724.05,-4724.05,0.3,1.9,122,5.7,3,1,43.54,8387,45,7.2,30,100.0,2,8,Recovery,778.09,62.34
2026-01-26,Monday,0.0,521.7,156.39,0.0,0.0,0.0,100.0,778.09,-778.09,7.7,1.9,45,10.7,8,3,62.34,6601,30,7.2,20,100.0,3,7,Peak Focus,718.62,62.39
2026-01-27,Tuesday,0.0,464.09,154.53,0.0,0.0,0.0,100.0,718.62,-718.62,7.6,1.7,47,10.2,8,3,62.39,6701,30,7.1,20,100.0,3,7,Peak Focus,673.57,59.86
2026-01-28,Wednesday,0.0,418.77,154.8,0.0,0.0,0.0,100.0,673.57,-673.57,10.1,1.6,32,12.0,9,4,59.86,6559,30,6.4,0,50.0,6,5,Burnout Risk,675.07,57.14
2026-01-29,Thursday,0.0,429.44,145.63,0.0,0.0,0.0,100.0,675.07,-675.07,7.7,1.7,38,10.3,8,3,57.14,6916,30,6.6,20,75.0,5,6,Peak Focus,677.05,59.83
2026-01-30,Friday,0.0,432.62,144.43,0.0,0.0,0.0,100.0,677.05,-677.05,7.8,1.9,48,10.8,8,3,59.83,6600,30,7.2,20,100.0,4,6,Peak Focus,4656.07,44.18
2026-01-31,Saturday,0.0,1594.67,0.0,2811.4,0.0,0.0,250.0,4656.07,-4656.07,0.5,1.8,114,5.7,3,1,44.18,7885,45,7.2,30,100.0,2,8,Recovery,26535.04,42.37
2026-02-01,Sunday,85000.0,1648.89,0.0,2636.15,22000.0,0.0,250.0,26535.04,58464.96,0.5,1.4,118,5.6,3,1,42.37,7832,60,7.2,30,100.0,2,8,Recovery,717.53,62.26
2026-02-02,Monday,0.0,456.19,161.34,0.0,0.0,0.0,100.0,717.53,-717.53,7.8,2.2,52,11.2,8,3,62.26,6276,30,7.3,20,100.0,3,7,Peak Focus,708.18,59.4
2026-02-03,Tuesday,0.0,469.71,138.47,0.0,0.0,0.0,100.0,708.18,-708.18,7.6,1.5,38,10.4,8,3,59.4,5958,30,7.1,20,100.0,4,6,Peak Focus,3301.8,56.61
2026-02-04,Wednesday,0.0,1169.3,162.67,1869.83,0.0,0.0,100.0,3301.8,-3301.8,10.0,1.4,38,12.0,9,4,56.61,5933,15,6.3,0,25.0,7,5,Burnout Risk,742.73,55.85
2026-02-05,Thursday,0.0,471.87,170.86,0.0,0.0,0.0,100.0,742.73,-742.73,7.5,1.7,40,10.4,8,3,55.85,6238,30,6.5,20,75.0,5,6,Peak Focus,701.71,59.89
2026-02-06,Friday,0.0,444.76,156.95,0.0,0.0,0.0,100.0,701.71,-701.71,8.0,1.8,48,10.7,8,3,59.89,5903,30,7.0,20,100.0,4,6,Peak Focus,4589.22,43.5
2026-02-07,Saturday,0.0,1608.06,0.0,2731.16,0.0,0.0,250.0,4589.22,-4589.22,0.6,1.8,124,6.4,3,1,43.5,7212,45,7.2,30,100.0,2,8,Recovery,4507.51,42.33
2026-02-08,Sunday,0.0,1542.06,0.0,2715.45,0.0,0.0,250.0,4507.51,-4507.51,0.7,1.2,114,5.7,3,1,42.33,9019,60,7.2,30,100.0,2,8,Recovery,727.47,61.76
2026-02-09,Monday,0.0,482.81,144.66,0.0,0.0,0.0,100.0,727.47,-727.47,7.7,1.9,47,10.8,8,3,61.76,6108,30,7.1,20,100.0,3,7,Peak Focus,738.49,59.31
2026-02-10,Tuesday,0.0,490.2,148.29,0.0,0.0,0.0,100.0,738.49,-738.49,7.6,1.7,47,10.7,8,3,59.31,6197,30,7.3,20,100.0,4,6,Peak Focus,708.72,59.25
2026-02-11,Wednesday,0.0,440.09,168.63,0.0,0.0,0.0,100.0,708.72,-708.72,10.0,1.5,41,12.0,9,4,59.25,6148,30,6.6,0,50.0,6,5,Burnout Risk,748.81,54.93
2026-02-12,Thursday,0.0,489.21,159.6,0.0,0.0,0.0,100.0,748.81,-748.81,7.5,1.6,35,10.7,8,3,54.93,5812,30,6.4,20,75.0,5,6,Peak Focus,703.4,58.12
2026-02-13,Friday,0.0,431.98,171.42,0.0,0.0,0.0,100.0,703.4,-703.4,7.7,1.6,36,10.6,8,3,58.12,6433,30,6.5,20,75.0,4,6,Peak Focus,4645.39,43.44
2026-02-14,Saturday,0.0,1613.96,0.0,2781.43,0.0,0.0,250.0,4645.39,-4645.39,0.5,2.1,134,7.0,3,1,43.44,8338,60,7.2,30,100.0,2,8,Recovery,4346.49,43.92
2026-02-15,Sunday,0.0,1442.23,0.0,2654.26,0.0,0.0,250.0,4346.49,-4346.49,0.6,2.0,132,6.6,3,1,43.92,8247,30,7.2,30,100.0,2,8,Recovery,676.88,60.84
2026-02-16,Monday,0.0,424.45,152.43,0.0,0.0,0.0,100.0,676.88,-676.88,7.6,1.9,56,10.8,8,3,60.84,6798,30,7.0,20,100.0,3,7,Peak Focus,736.76,58.73
2026-02-17,Tuesday,0.0,483.2,153.56,0.0,0.0,0.0,100.0,736.76,-736.76,7.7,1.9,50,10.9,8,3,58.73,7266,30,6.9,20,75.0,4,6,Peak Focus,685.49,59.5
2026-02-18,Wednesday,0.0,433.88,151.61,0.0,0.0,0.0,100.0,685.49,-685.49,10.1,1.6,44,12.0,9,4,59.5,5996,30,6.5,0,50.0,6,5,Burnout Risk,714.02,58.7
2026-02-19,Thursday,0.0,445.42,168.6,0.0,0.0,0.0,100.0,714.02,-714.02,7.5,1.7,46,10.5,8,3,58.7,6610,30,7.1,20,100.0,4,6,Peak Focus,736.26,58.6
2026-02-20,Friday,0.0,464.53,171.73,0.0,0.0,0.0,100.0,736.26,-736.26,7.7,2.0,50,11.0,8,3,58.6,6613,30,6.9,20,75.0,4,6,Peak Focus,4643.9,41.83
2026-02-21,Saturday,0.0,1668.25,0.0,2725.65,0.0,0.0,250.0,4643.9,-4643.9,0.4,1.6,125,6.4,3,1,41.83,8210,30,7.2,30,100.0,2,8,Recovery,4584.46,42.05
2026-02-22,Sunday,0.0,1453.59,0.0,2880.87,0.0,0.0,250.0,4584.46,-4584.46,0.5,1.5,118,6.3,3,1,42.05,8303,30,7.2,30,100.0,2,8,Recovery,754.01,60.7
2026-02-23,Monday,0.0,489.68,164.33,0.0,0.0,0.0,100.0,754.01,-754.01,7.7,1.9,55,11.0,8,3,60.7,6056,30,7.0,20,100.0,3,7,Peak Focus,756.14,59.71
2026-02-24,Tuesday,0.0,488.16,167.98,0.0,0.0,0.0,100.0,756.14,-756.14,8.1,2.1,49,11.4,8,3,59.71,6718,30,7.1,20,100.0,4,6,Peak Focus,730.02,58.49
2026-02-25,Wednesday,0.0,476.79,153.23,0.0,0.0,0.0,100.0,730.02,-730.02,10.0,1.3,42,12.0,9,4,58.49,5649,30,6.5,0,50.0,6,5,Burnout Risk,715.32,55.73
2026-02-26,Thursday,0.0,454.51,160.81,0.0,0.0,0.0,100.0,715.32,-715.32,7.6,1.4,49,10.1,8,3,55.73,7004,30,6.5,20,75.0,5,6,Peak Focus,695.38,59.15
2026-02-27,Friday,0.0,424.48,170.9,0.0,0.0,0.0,100.0,695.38,-695.38,7.8,2.1,46,11.0,8,3,59.15,6375,30,6.8,20,75.0,4,6,Peak Focus,4541.27,43.65
2026-02-28,Saturday,0.0,1503.67,0.0,2787.6,0.0,0.0,250.0,4541.27,-4541.27,0.6,1.7,96,6.4,3,1,43.65,8380,30,7.2,30,100.0,2,8,Recovery,26799.37,41.94
2026-03-01,Sunday,85000.0,1618.01,0.0,2931.36,22000.0,0.0,250.0,26799.37,58200.63,0.6,1.5,138,6.5,3,1,41.94,8491,60,7.2,30,100.0,2,8,Recovery,711.68,60.56
2026-03-02,Monday,0.0,449.71,161.97,0.0,0.0,0.0,100.0,711.68,-711.68,7.9,1.7,59,11.1,8,3,60.56,6571,30,7.1,20,100.0,3,7,Peak Focus,718.68,58.51
2026-03-03,Tuesday,0.0,463.55,155.13,0.0,0.0,0.0,100.0,718.68,-718.68,7.4,1.3,44,9.9,8,3,58.51,6532,30,6.8,20,75.0,4,6,Peak Focus,688.62,58.75
2026-03-04,Wednesday,0.0,447.99,140.63,0.0,0.0,0.0,100.0,688.62,-688.62,9.8,1.6,37,12.0,9,4,58.75,5751,30,6.3,0,50.0,6,5,Burnout Risk,712.51,57.23
2026-03-05,Thursday,0.0,441.8,170.71,0.0,0.0,0.0,100.0,712.51,-712.51,7.7,1.6,42,10.1,8,3,57.23,6614,30,6.6,20,75.0,5,6,Peak Focus,742.75,58.83
2026-03-06,Friday,0.0,470.21,172.54,0.0,0.0,0.0,100.0,742.75,-742.75,7.8,2.0,53,10.9,8,3,58.83,6572,30,6.8,20,75.0,4,6,Peak Focus,4795.81,42.43
2026-03-07,Saturday,0.0,1501.41,0.0,3044.4,0.0,0.0,250.0,4795.81,-4795.81,0.4,1.6,109,6.1,3,1,42.43,8134,30,7.2,30,100.0,2,8,Recovery,4492.65,44.19
2026-03-08,Sunday,0.0,1566.79,0.0,2675.86,0.0,0.0,250.0,4492.65,-4492.65,0.6,1.8,115,6.0,3,1,44.19,8919,30,7.2,30,100.0,2,8,Recovery,777.63,62.22
2026-03-09,Monday,0.0,511.44,166.19,0.0,0.0,0.0,100.0,777.63,-777.63,7.2,1.9,55,9.8,8,3,62.22,5996,30,7.0,20,100.0,3,7,Peak Focus,713.54,59.57
2026-03-10,Tuesday,0.0,463.07,150.47,0.0,0.0,0.0,100.0,713.54,-713.54,7.8,1.9,44,10.7,8,3,59.57,6206,30,6.8,20,75.0,4,6,Peak Focus,798.03,58.37
2026-03-11,Wednesday,0.0,539.83,158.2,0.0,0.0,0.0,100.0,798.03,-798.03,9.7,1.4,34,12.0,9,4,58.37,6160,30,6.5,0,50.0,6,5,Burnout Risk,760.15,56.7
2026-03-12,Thursday,0.0,506.83,153.32,0.0,0.0,0.0,100.0,760.15,-760.15,7.6,1.8,45,10.3,8,3,56.7,6673,30,6.5,20,75.0,5,6,Peak Focus,739.31,55.93
2026-03-13,Friday,0.0,485.75,153.56,0.0,0.0,0.0,100.0,739.31,-739.31,8.0,1.6,49,10.9,8,3,55.93,6019,30,6.6,20,75.0,5,6,Peak Focus,4752.74,42.94
2026-03-14,Saturday,0.0,1662.98,0.0,2839.76,0.0,0.0,250.0,4752.74,-4752.74,0.3,1.9,140,5.9,3,1,42.94,8212,30,7.2,30,100.0,2,8,Recovery,4369.5,43.03
2026-03-15,Sunday,0.0,1508.08,0.0,2611.42,0.0,0.0,250.0,4369.5,-4369.5,0.8,1.4,117,6.2,3,1,43.03,8066,30,7.2,30,100.0,2,8,Recovery,716.07,61.44
2026-03-16,Monday,0.0,461.74,154.33,0.0,0.0,0.0,100.0,716.07,-716.07,7.9,1.8,44,11.1,8,3,61.44,6694,30,7.1,20,100.0,3,7,Peak Focus,727.38,58.63
2026-03-17,Tuesday,0.0,475.22,152.16,0.0,0.0,0.0,100.0,727.38,-727.38,7.7,1.8,45,10.9,8,3,58.63,6332,30,6.9,20,75.0,4,6,Peak Focus,699.89,59.94
2026-03-18,Wednesday,0.0,436.92,162.97,0.0,0.0,0.0,100.0,699.89,-699.89,10.1,1.6,44,12.0,9,4,59.94,5947,30,6.8,0,50.0,6,5,Burnout Risk,725.51,55.58
2026-03-19,Thursday,0.0,467.5,158.01,0.0,0.0,0.0,100.0,725.51,-725.51,7.6,1.5,38,10.6,8,3,55.58,6077,30,6.7,20,75.0,5,6,Peak Focus,749.65,59.45
2026-03-20,Friday,0.0,492.69,156.96,0.0,0.0,0.0,100.0,749.65,-749.65,7.7,1.5,41,10.3,8,3,59.45,5967,30,7.0,20,100.0,4,6,Peak Focus,4592.08,42.77
2026-03-21,Saturday,0.0,1621.09,0.0,2720.99,0.0,0.0,250.0,4592.08,-4592.08,0.5,1.7,119,6.4,3,1,42.77,8642,30,7.2,30,100.0,2,8,Recovery,4674.64,43.17
2026-03-22,Sunday,0.0,1526.3,0.0,2898.34,0.0,0.0,250.0,4674.64,-4674.64,0.6,1.6,110,6.2,3,1,43.17,7257,60,7.2,30,100.0,2,8,Recovery,691.34,61.55
2026-03-23,Monday,0.0,447.6,143.74,0.0,0.0,0.0,100.0,691.34,-691.34,8.0,1.9,62,11.0,8,3,61.55,6718,30,7.1,20,100.0,3,7,Peak Focus,709.08,60.22
2026-03-24,Tuesday,0.0,431.99,177.09,0.0,0.0,0.0,100.0,709.08,-709.08,7.6,1.8,47,10.3,8,3,60.22,6472,30,7.1,20,100.0,4,6,Peak Focus,703.81,58.65
2026-03-25,Wednesday,0.0,447.44,156.37,0.0,0.0,0.0,100.0,703.81,-703.81,9.7,1.7,40,12.0,9,4,58.65,6635,30,6.3,0,50.0,6,5,Burnout Risk,710.42,56.88
2026-03-26,Thursday,0.0,455.12,155.3,0.0,0.0,0.0,100.0,710.42,-710.42,7.8,1.6,41,10.3,8,3,56.88,6348,30,6.5,20,75.0,5,6,Peak Focus,727.27,59.49
2026-03-27,Friday,0.0,442.43,184.84,0.0,0.0,0.0,100.0,727.27,-727.27,7.5,2.1,45,10.3,8,3,59.49,5777,30,6.5,20,75.0,4,6,Peak Focus,4468.55,44.64
2026-03-28,Saturday,0.0,1442.57,0.0,2775.98,0.0,0.0,250.0,4468.55,-4468.55,0.4,2.0,96,6.0,3,1,44.64,7953,45,7.2,30,100.0,2,8,Recovery,4593.49,42.15
2026-03-29,Sunday,0.0,1526.52,0.0,2816.97,0.0,0.0,250.0,4593.49,-4593.49,0.3,1.7,112,6.3,3,1,42.15,8210,30,7.2,30,100.0,2,8,Recovery,698.4,61.15
2026-03-30,Monday,0.0,430.05,168.35,0.0,0.0,0.0,100.0,698.4,-698.4,7.7,1.7,53,10.7,8,3,61.15,5927,30,7.1,20,100.0,3,7,Peak Focus,719.99,58.71
2026-03-31,Tuesday,0.0,466.69,153.3,0.0,0.0,0.0,100.0,719.99,-719.99,7.9,1.7,50,11.0,8,3,58.71,6636,30,7.0,20,100.0,4,6,Peak Focus,22729.57,59.08
2026-04-01,Wednesday,85000.0,480.22,149.35,0.0,22000.0,0.0,100.0,22729.57,62270.43,9.8,1.6,47,12.0,9,4,59.08,6892,30,6.8,0,50.0,6,5,Burnout Risk,735.74,55.57
2026-04-02,Thursday,0.0,462.92,172.82,0.0,0.0,0.0,100.0,735.74,-735.74,8.2,1.6,43,11.3,8,3,55.57,6580,30,6.6,20,75.0,5,6,Peak Focus,759.58,59.23
2026-04-03,Friday,0.0,493.4,166.18,0.0,0.0,0.0,100.0,759.58,-759.58,7.6,1.7,51,10.5,8,3,59.23,6116,30,7.2,20,100.0,4,6,Peak Focus,4793.75,42.47
2026-04-04,Saturday,0.0,1528.74,0.0,3015.01,0.0,0.0,250.0,4793.75,-4793.75,0.4,1.7,130,6.1,3,1,42.47,7797,45,7.2,30,100.0,2,8,Recovery,4871.93,41.23
2026-04-05,Sunday,0.0,1612.37,0.0,3009.56,0.0,0.0,250.0,4871.93,-4871.93,0.1,1.6,101,6.1,3,1,41.23,8992,30,7.2,30,100.0,2,8,Recovery,757.52,60.36
2026-04-06,Monday,0.0,493.16,164.36,0.0,0.0,0.0,100.0,757.52,-757.52,7.6,1.7,50,10.0,8,3,60.36,6533,30,7.0,20,100.0,4,6,Peak Focus,684.54,59.03
2026-04-07,Tuesday,0.0,439.05,145.49,0.0,0.0,0.0,100.0,684.54,-684.54,8.1,2.0,48,11.4,8,3,59.03,5680,30,6.9,20,75.0,4,6,Peak Focus,720.91,57.78
2026-04-08,Wednesday,0.0,459.65,161.26,0.0,0.0,0.0,100.0,720.91,-720.91,9.8,1.4,47,12.0,9,4,57.78,5259,30,6.3,0,50.0,6,5,Burnout Risk,702.4,56.4
2026-04-09,Thursday,0.0,449.17,153.23,0.0,0.0,0.0,100.0,702.4,-702.4,7.5,1.6,58,9.9,8,3,56.4,6091,30,6.6,20,75.0,5,6,Peak Focus,753.22,59.93
2026-04-10,Friday,0.0,491.51,161.71,0.0,0.0,0.0,100.0,753.22,-753.22,7.9,1.7,41,10.6,8,3,59.93,6652,30,7.0,20,100.0,4,6,Peak Focus,4761.75,43.11
2026-04-11,Saturday,0.0,1453.92,0.0,3057.83,0.0,0.0,250.0,4761.75,-4761.75,0.4,2.0,127,6.7,3,1,43.11,7675,45,7.2,30,100.0,2,8,Recovery,4886.64,43.72
2026-04-12,Sunday,0.0,1571.27,0.0,3065.37,0.0,0.0,250.0,4886.64,-4886.64,0.5,2.0,122,6.6,3,1,43.72,7690,45,7.2,30,100.0,2,8,Recovery,730.29,62.44
2026-04-13,Monday,0.0,466.38,163.91,0.0,0.0,0.0,100.0,730.29,-730.29,7.7,2.0,50,10.7,8,3,62.44,6394,30,7.2,20,100.0,3,7,Peak Focus,740.42,58.69
2026-04-14,Tuesday,0.0,453.26,187.16,0.0,0.0,0.0,100.0,740.42,-740.42,7.6,1.8,44,10.6,8,3,58.69,5432,30,6.7,20,75.0,4,6,Peak Focus,788.37,59.01
2026-04-15,Wednesday,0.0,518.33,170.04,0.0,0.0,0.0,100.0,788.37,-788.37,9.9,1.7,47,12.0,9,4,59.01,6113,30,6.4,0,50.0,6,5,Burnout Risk,718.16,56.66
2026-04-16,Thursday,0.0,446.71,171.45,0.0,0.0,0.0,100.0,718.16,-718.16,7.7,1.7,50,10.5,8,3,56.66,5996,30,6.9,20,75.0,5,6,Peak Focus,731.49,58.24
2026-04-17,Friday,0.0,477.43,154.06,0.0,0.0,0.0,100.0,731.49,-731.49,7.6,1.8,50,10.7,8,3,58.24,6521,30,6.8,20,75.0,4,6,Peak Focus,4886.45,43.17
2026-04-18,Saturday,0.0,1718.76,0.0,2917.69,0.0,0.0,250.0,4886.45,-4886.45,0.6,1.6,122,6.0,3,1,43.17,8187,45,7.2,30,100.0,2,8,Recovery,4603.53,44.86
2026-04-19,Sunday,0.0,1489.56,0.0,2863.97,0.0,0.0,250.0,4603.53,-4603.53,0.6,2.0,118,6.1,3,1,44.86,8423,60,7.2,30,100.0,2,8,Recovery,751.79,61.15
2026-04-20,Monday,0.0,490.07,161.72,0.0,0.0,0.0,100.0,751.79,-751.79,7.6,1.8,47,10.6,8,3,61.15,6263,30,6.9,20,75.0,3,7,Peak Focus,769.44,58.2
2026-04-21,Tuesday,0.0,511.3,158.14,0.0,0.0,0.0,100.0,769.44,-769.44,7.7,1.8,51,10.8,8,3,58.2,6920,30,6.7,20,75.0,4,6,Peak Focus,751.98,58.94
2026-04-22,Wednesday,0.0,498.93,153.05,0.0,0.0,0.0,100.0,751.98,-751.98,10.2,1.4,36,12.0,9,4,58.94,5435,30,6.1,0,50.0,6,5,Burnout Risk,697.91,55.34
2026-04-23,Thursday,0.0,435.82,162.09,0.0,0.0,0.0,100.0,697.91,-697.91,7.6,1.4,48,10.4,8,3,55.34,6632,30,6.7,20,75.0,5,6,Peak Focus,732.37,55.83
2026-04-24,Friday,0.0,463.78,168.59,0.0,0.0,0.0,100.0,732.37,-732.37,7.7,1.6,45,10.7,8,3,55.83,6421,30,6.7,20,75.0,5,6,Peak Focus,4624.84,43.32
2026-04-25,Saturday,0.0,1505.61,0.0,2869.23,0.0,0.0,250.0,4624.84,-4624.84,0.6,1.7,112,6.4,3,1,43.32,8239,60,7.2,30,100.0,2,8,Recovery,4717.75,42.87
2026-04-26,Sunday,0.0,1729.29,0.0,2738.46,0.0,0.0,250.0,4717.75,-4717.75,0.4,1.7,121,5.9,3,1,42.87,8003,60,7.2,30,100.0,2,8,Recovery,669.15,62.15
2026-04-27,Monday,0.0,405.88,163.27,0.0,0.0,0.0,100.0,669.15,-669.15,7.8,2.0,52,10.8,8,3,62.15,6285,30,7.1,20,100.0,3,7,Peak Focus,722.62,58.35
2026-04-28,Tuesday,0.0,455.89,166.73,0.0,0.0,0.0,100.0,722.62,-722.62,8.1,1.8,51,11.3,8,3,58.35,6617,30,6.8,20,75.0,4,6,Peak Focus,729.75,59.19
2026-04-29,Wednesday,0.0,472.86,156.89,0.0,0.0,0.0,100.0,729.75,-729.75,9.7,1.8,37,12.0,9,4,59.19,6231,30,6.4,0,50.0,6,5,Burnout Risk,719.7,55.61
2026-04-30,Thursday,0.0,453.11,166.59,0.0,0.0,0.0,100.0,719.7,-719.7,7.7,1.4,48,10.3,8,3,55.61,6336,30,6.5,20,75.0,5,6,Peak Focus,22722.43,56.75
2026-05-01,Friday,85000.0,465.79,156.64,0.0,22000.0,0.0,100.0,22722.43,62277.57,8.0,1.5,36,10.6,8,3,56.75,6179,30,6.5,20,75.0,5,6,Peak Focus,4840.5,42.8
2026-05-02,Saturday,0.0,1558.15,0.0,3032.35,0.0,0.0,250.0,4840.5,-4840.5,0.4,1.5,115,5.3,3,1,42.8,7837,30,7.2,30,100.0,2,8,Recovery,4766.0,43.15
2026-05-03,Sunday,0.0,1669.19,0.0,2846.81,0.0,0.0,250.0,4766.0,-4766.0,0.5,1.8,121,6.4,3,1,43.15,8088,45,7.2,30,100.0,2,8,Recovery,682.04,61.62
2026-05-04,Monday,0.0,420.16,161.88,0.0,0.0,0.0,100.0,682.04,-682.04,8.3,1.9,48,11.4,8,3,61.62,6373,30,7.0,20,100.0,3,7,Peak Focus,711.01,59.92
2026-05-05,Tuesday,0.0,448.49,162.52,0.0,0.0,0.0,100.0,711.01,-711.01,8.1,1.8,51,10.9,8,3,59.92,6704,30,7.1,20,100.0,4,6,Peak Focus,714.51,58.93
2026-05-06,Wednesday,0.0,461.56,152.95,0.0,0.0,0.0,100.0,714.51,-714.51,9.8,1.5,36,12.0,9,4,58.93,5807,30,6.6,0,50.0,6,5,Burnout Risk,748.89,57.08
2026-05-07,Thursday,0.0,476.37,172.52,0.0,0.0,0.0,100.0,748.89,-748.89,7.7,1.7,36,10.5,8,3,57.08,6015,30,6.8,20,75.0,5,6,Peak Focus,728.42,58.75
2026-05-08,Friday,0.0,458.88,169.54,0.0,0.0,0.0,100.0,728.42,-728.42,8.1,1.7,41,11.2,8,3,58.75,6413,30,6.9,20,75.0,4,6,Peak Focus,4541.67,43.62
2026-05-09,Saturday,0.0,1484.48,0.0,2807.19,0.0,0.0,250.0,4541.67,-4541.67,0.5,1.9,136,6.1,3,1,43.62,8342,60,7.2,30,100.0,2,8,Recovery,4731.75,41.64
2026-05-10,Sunday,0.0,1484.21,0.0,2997.54,0.0,0.0,250.0,4731.75,-4731.75,0.2,1.6,121,5.8,3,1,41.64,8220,60,7.2,30,100.0,2,8,Recovery,718.6,62.12
2026-05-11,Monday,0.0,474.06,144.54,0.0,0.0,0.0,100.0,718.6,-718.6,8.0,1.8,47,11.2,8,3,62.12,6303,30,7.4,20,100.0,3,7,Peak Focus,687.52,58.47
2026-05-12,Tuesday,0.0,426.92,160.6,0.0,0.0,0.0,100.0,687.52,-687.52,7.9,1.6,54,11.0,8,3,58.47,6493,30,7.1,20,100.0,4,6,Peak Focus,714.82,57.48
2026-05-13,Wednesday,0.0,457.89,156.93,0.0,0.0,0.0,100.0,714.82,-714.82,9.7,1.3,59,11.9,9,4,57.48,7094,30,6.6,0,50.0,6,5,Burnout Risk,726.86,56.07
2026-05-14,Thursday,0.0,477.71,149.15,0.0,0.0,0.0,100.0,726.86,-726.86,7.4,1.3,53,9.7,8,3,56.07,6604,30,6.7,20,75.0,5,6,Peak Focus,744.4,56.28
2026-05-15,Friday,0.0,495.51,148.89,0.0,0.0,0.0,100.0,744.4,-744.4,7.4,1.9,49,10.4,8,3,56.28,6270,30,6.6,20,75.0,5,6,Peak Focus,4707.34,42.65
2026-05-16,Saturday,0.0,1550.89,0.0,2906.45,0.0,0.0,250.0,4707.34,-4707.34,0.5,1.5,109,5.9,3,1,42.65,8243,45,7.2,30,100.0,2,8,Recovery,4543.14,43.45
2026-05-17,Sunday,0.0,1583.81,0.0,2709.33,0.0,0.0,250.0,4543.14,-4543.14,0.4,2.1,130,6.7,3,1,43.45,7723,30,7.2,30,100.0,2,8,Recovery,704.45,61.23
2026-05-18,Monday,0.0,446.19,158.26,0.0,0.0,0.0,100.0,704.45,-704.45,7.8,2.0,39,11.5,8,3,61.23,6743,30,7.2,20,100.0,3,7,Peak Focus,752.91,59.62
2026-05-19,Tuesday,0.0,474.78,178.13,0.0,0.0,0.0,100.0,752.91,-752.91,8.0,1.7,53,10.7,8,3,59.62,5966,30,7.0,20,100.0,4,6,Peak Focus,711.83,57.84
2026-05-20,Wednesday,0.0,463.55,148.28,0.0,0.0,0.0,100.0,711.83,-711.83,9.6,1.4,37,12.0,9,4,57.84,5903,30,6.4,0,50.0,6,5,Burnout Risk,720.67,56.01
2026-05-21,Thursday,0.0,463.61,157.06,0.0,0.0,0.0,100.0,720.67,-720.67,7.7,1.3,48,9.9,8,3,56.01,5415,30,6.3,20,75.0,5,6,Peak Focus,722.77,59.16
2026-05-22,Friday,0.0,465.51,157.26,0.0,0.0,0.0,100.0,722.77,-722.77,7.6,1.8,52,10.4,8,3,59.16,6287,30,6.9,20,75.0,4,6,Peak Focus,4264.77,42.21
2026-05-23,Saturday,0.0,1378.53,0.0,2636.24,0.0,0.0,250.0,4264.77,-4264.77,0.6,1.5,127,6.4,3,1,42.21,9017,30,7.2,30,100.0,2,8,Recovery,4752.07,44.24
2026-05-24,Sunday,0.0,1700.58,0.0,2801.49,0.0,0.0,250.0,4752.07,-4752.07,0.7,1.7,119,5.9,3,1,44.24,8021,60,7.2,30,100.0,2,8,Recovery,748.65,59.65
2026-05-25,Monday,0.0,486.35,162.3,0.0,0.0,0.0,100.0,748.65,-748.65,7.4,1.6,42,10.2,8,3,59.65,6474,30,7.2,20,100.0,4,6,Peak Focus,723.6,59.08
2026-05-26,Tuesday,0.0,477.05,146.55,0.0,0.0,0.0,100.0,723.6,-723.6,7.7,1.6,48,10.6,8,3,59.08,6326,30,7.1,20,100.0,4,6,Peak Focus,733.65,58.22
2026-05-27,Wednesday,0.0,466.62,167.03,0.0,0.0,0.0,100.0,733.65,-733.65,9.8,1.4,40,12.0,9,4,58.22,6134,30,6.4,0,50.0,6,5,Burnout Risk,683.72,56.12
2026-05-28,Thursday,0.0,428.75,154.97,0.0,0.0,0.0,100.0,683.72,-683.72,7.4,1.6,41,10.1,8,3,56.12,6385,30,6.5,20,75.0,5,6,Peak Focus,722.41,58.87
2026-05-29,Friday,0.0,462.83,159.58,0.0,0.0,0.0,100.0,722.41,-722.41,7.9,1.8,50,10.9,8,3,58.87,6517,30,6.9,20,75.0,4,6,Peak Focus,4434.3,44.15
2026-05-30,Saturday,0.0,1483.72,0.0,2700.58,0.0,0.0,250.0,4434.3,-4434.3,0.6,1.9,107,6.5,3,1,44.15,7478,60,7.2,30,100.0,2,8,Recovery,4554.7,42.55
2026-05-31,Sunday,0.0,1564.86,0.0,2739.84,0.0,0.0,250.0,4554.7,-4554.7,0.7,1.4,120,6.2,3,1,42.55,8158,45,7.2,30,100.0,2,8,Recovery,22725.53,61.2
2026-06-01,Monday,85000.0,446.04,179.49,0.0,22000.0,0.0,100.0,22725.53,62274.47,7.6,2.0,55,11.0,8,3,61.2,5597,30,7.2,20,100.0,3,7,Peak Focus,730.52,59.54
2026-06-02,Tuesday,0.0,475.53,154.99,0.0,0.0,0.0,100.0,730.52,-730.52,8.2,1.6,40,11.3,8,3,59.54,6432,30,7.3,20,100.0,4,6,Peak Focus,698.52,59.17
2026-06-03,Wednesday,0.0,432.06,166.46,0.0,0.0,0.0,100.0,698.52,-698.52,9.8,1.6,37,12.0,9,4,59.17,6447,30,6.6,0,50.0,6,5,Burnout Risk,774.95,55.77
2026-06-04,Thursday,0.0,509.13,165.82,0.0,0.0,0.0,100.0,774.95,-774.95,7.8,1.6,46,10.7,8,3,55.77,5167,30,6.6,20,75.0,5,6,Peak Focus,734.98,56.12
2026-06-05,Friday,0.0,477.44,157.54,0.0,0.0,0.0,100.0,734.98,-734.98,7.9,1.8,47,10.9,8,3,56.12,6256,30,6.5,20,75.0,5,6,Peak Focus,4808.92,46.27
2026-06-06,Saturday,0.0,1621.41,0.0,2937.51,0.0,0.0,250.0,4808.92,-4808.92,0.8,2.3,105,6.8,3,1,46.27,8064,60,7.2,30,100.0,2,8,Recovery,4505.31,43.3
2026-06-07,Sunday,0.0,1412.58,0.0,2842.73,0.0,0.0,250.0,4505.31,-4505.31,0.0,2.1,112,5.7,3,1,43.3,8030,60,7.2,30,100.0,2,8,Recovery,669.45,61.83
2026-06-08,Monday,0.0,419.62,149.83,0.0,0.0,0.0,100.0,669.45,-669.45,8.0,1.9,61,10.9,8,3,61.83,6732,30,7.1,20,100.0,3,7,Peak Focus,727.52,62.47
2026-06-09,Tuesday,0.0,459.59,167.93,0.0,0.0,0.0,100.0,727.52,-727.52,7.8,1.8,42,10.7,8,3,62.47,6401,30,7.2,20,100.0,3,7,Peak Focus,713.0,58.77
2026-06-10,Wednesday,0.0,463.39,149.61,0.0,0.0,0.0,100.0,713.0,-713.0,10.1,1.3,38,12.0,9,4,58.77,6359,30,6.4,0,50.0,6,5,Burnout Risk,711.87,56.01
2026-06-11,Thursday,0.0,473.32,138.55,0.0,0.0,0.0,100.0,711.87,-711.87,7.8,1.4,39,10.4,8,3,56.01,5620,30,6.5,20,75.0,5,6,Peak Focus,746.71,59.65
2026-06-12,Friday,0.0,486.62,160.09,0.0,0.0,0.0,100.0,746.71,-746.71,7.6,1.9,42,10.4,8,3,59.65,6630,30,6.8,20,75.0,4,6,Peak Focus,4577.37,43.31
2026-06-13,Saturday,0.0,1532.98,0.0,2794.39,0.0,0.0,250.0,4577.37,-4577.37,0.5,1.9,128,6.5,3,1,43.31,8282,60,7.2,30,100.0,2,8,Recovery,4709.05,44.56
2026-06-14,Sunday,0.0,1512.68,0.0,2946.37,0.0,0.0,250.0,4709.05,-4709.05,0.8,1.6,117,5.7,3,1,44.56,8997,30,7.2,30,100.0,2,8,Recovery,755.09,61.58
2026-06-15,Monday,0.0,470.82,184.27,0.0,0.0,0.0,100.0,755.09,-755.09,7.8,1.7,44,10.7,8,3,61.58,6276,30,7.0,20,100.0,3,7,Peak Focus,702.19,63.22
2026-06-16,Tuesday,0.0,438.29,163.9,0.0,0.0,0.0,100.0,702.19,-702.19,8.0,2.2,43,11.0,8,3,63.22,7148,30,7.1,20,100.0,3,7,Peak Focus,717.13,57.81
2026-06-17,Wednesday,0.0,466.38,150.75,0.0,0.0,0.0,100.0,717.13,-717.13,9.8,1.5,46,12.0,9,4,57.81,6213,30,6.1,0,50.0,6,5,Burnout Risk,698.02,55.62
2026-06-18,Thursday,0.0,452.51,145.51,0.0,0.0,0.0,100.0,698.02,-698.02,7.5,1.7,49,10.4,8,3,55.62,6316,30,6.5,20,75.0,5,6,Peak Focus,733.45,59.25
2026-06-19,Friday,0.0,469.73,163.72,0.0,0.0,0.0,100.0,733.45,-733.45,7.5,1.9,52,10.7,8,3,59.25,7058,30,7.3,20,100.0,4,6,Peak Focus,4460.36,43.69
2026-06-20,Saturday,0.0,1544.92,0.0,2665.44,0.0,0.0,250.0,4460.36,-4460.36,0.7,1.6,106,6.2,3,1,43.69,7799,45,7.2,30,100.0,2,8,Recovery,4484.98,43.74
2026-06-21,Sunday,0.0,1534.48,0.0,2700.5,0.0,0.0,250.0,4484.98,-4484.98,0.4,2.0,112,6.4,3,1,43.74,8790,30,7.2,30,100.0,2,8,Recovery,757.86,63.02
2026-06-22,Monday,0.0,504.04,153.82,0.0,0.0,0.0,100.0,757.86,-757.86,7.6,1.7,44,10.2,8,3,63.02,6325,30,7.3,20,100.0,3,7,Peak Focus,744.34,58.9
2026-06-23,Tuesday,0.0,470.37,173.97,0.0,0.0,0.0,100.0,744.34,-744.34,8.0,1.7,58,11.0,8,3,58.9,7005,30,7.1,20,100.0,4,6,Peak Focus,729.06,58.02
2026-06-24,Wednesday,0.0,463.77,165.29,0.0,0.0,0.0,100.0,729.06,-729.06,9.6,1.5,47,12.0,9,4,58.02,5915,30,6.6,0,50.0,6,5,Burnout Risk,766.4,55.57
2026-06-25,Thursday,0.0,487.75,178.65,0.0,0.0,0.0,100.0,766.4,-766.4,7.8,1.7,52,10.9,8,3,55.57,6436,30,6.7,20,75.0,5,6,Peak Focus,734.4,59.12
2026-06-26,Friday,0.0,481.27,153.13,0.0,0.0,0.0,100.0,734.4,-734.4,7.6,1.9,44,10.5,8,3,59.12,6057,30,6.7,20,75.0,4,6,Peak Focus,4674.98,43.33
2026-06-27,Saturday,0.0,1543.47,0.0,2881.51,0.0,0.0,250.0,4674.98,-4674.98,0.5,1.9,115,6.7,3,1,43.33,7989,45,7.2,30,100.0,2,8,Recovery,4772.71,45.37
2026-06-28,Sunday,0.0,1653.23,0.0,2869.48,0.0,0.0,250.0,4772.71,-4772.71,0.8,2.0,121,6.3,3,1,45.37,8126,45,7.2,30,100.0,2,8,Recovery,709.13,62.16
2026-06-29,Monday,0.0,446.53,162.6,0.0,0.0,0.0,100.0,709.13,-709.13,7.6,1.9,54,10.6,8,3,62.16,6632,30,7.3,20,100.0,3,7,Peak Focus,708.74,61.04
2026-06-30,Tuesday,0.0,451.76,156.98,0.0,0.0,0.0,100.0,708.74,-708.74,7.9,1.6,51,10.6,8,3,61.04,6671,30,6.8,20,75.0,3,7,Peak Focus,22703.73,59.42
2026-07-01,Wednesday,85000.0,453.9,149.83,0.0,22000.0,0.0,100.0,22703.73,62296.27,9.9,1.6,34,12.0,9,4,59.42,6412,30,6.5,0,50.0,6,5,Burnout Risk,742.96,56.73
2026-07-02,Thursday,0.0,469.67,173.29,0.0,0.0,0.0,100.0,742.96,-742.96,7.8,1.8,50,10.5,8,3,56.73,6544,30,6.6,20,75.0,5,6,Peak Focus,755.58,59.44
2026-07-03,Friday,0.0,499.09,156.49,0.0,0.0,0.0,100.0,755.58,-755.58,8.0,1.8,53,11.0,8,3,59.44,6362,30,7.2,20,100.0,4,6,Peak Focus,4768.99,42.98
2026-07-04,Saturday,0.0,1620.82,0.0,2898.17,0.0,0.0,250.0,4768.99,-4768.99,0.6,1.4,123,5.4,3,1,42.98,8512,30,7.2,30,100.0,2,8,Recovery,4625.21,44.04
2026-07-05,Sunday,0.0,1445.07,0.0,2930.14,0.0,0.0,250.0,4625.21,-4625.21,0.7,1.9,126,6.6,3,1,44.04,7956,30,7.2,30,100.0,2,8,Recovery,737.82,60.4
2026-07-06,Monday,0.0,473.08,164.74,0.0,0.0,0.0,100.0,737.82,-737.82,7.6,1.9,49,11.1,8,3,60.4,6781,30,7.0,20,100.0,3,7,Peak Focus,716.92,59.1
2026-07-07,Tuesday,0.0,473.47,143.45,0.0,0.0,0.0,100.0,716.92,-716.92,7.9,1.6,63,10.5,8,3,59.1,6274,30,7.0,20,100.0,4,6,Peak Focus,730.91,58.45
2026-07-08,Wednesday,0.0,468.3,162.61,0.0,0.0,0.0,100.0,730.91,-730.91,9.5,1.6,37,12.0,9,4,58.45,6588,30,6.6,0,50.0,6,5,Burnout Risk,724.76,56.74
2026-07-09,Thursday,0.0,461.87,162.89,0.0,0.0,0.0,100.0,724.76,-724.76,7.7,1.6,46,10.3,8,3,56.74,6715,30,6.7,20,75.0,5,6,Peak Focus,701.73,55.85
2026-07-10,Friday,0.0,443.51,158.22,0.0,0.0,0.0,100.0,701.73,-701.73,7.7,1.5,46,10.5,8,3,55.85,6096,30,6.6,20,75.0,5,6,Peak Focus,4508.23,41.96
2026-07-11,Saturday,0.0,1511.02,0.0,2747.21,0.0,0.0,250.0,4508.23,-4508.23,0.5,1.3,115,5.6,3,1,41.96,8725,30,7.2,30,100.0,2,8,Recovery,4653.52,43.42
2026-07-12,Sunday,0.0,1475.86,0.0,2927.66,0.0,0.0,250.0,4653.52,-4653.52,0.4,1.9,125,6.1,3,1,43.42,7993,60,7.2,30,100.0,2,8,Recovery,722.19,61.22
2026-07-13,Monday,0.0,459.06,163.13,0.0,0.0,0.0,100.0,722.19,-722.19,7.6,1.7,56,10.5,8,3,61.22,6359,30,7.1,20,100.0,3,7,Peak Focus,693.23,59.23
2026-07-14,Tuesday,0.0,433.02,160.21,0.0,0.0,0.0,100.0,693.23,-693.23,7.6,1.5,45,10.1,8,3,59.23,6487,30,6.8,20,75.0,4,6,Peak Focus,763.17,57.65
2026-07-15,Wednesday,0.0,492.26,170.91,0.0,0.0,0.0,100.0,763.17,-763.17,9.9,1.1,51,12.0,9,4,57.65,6949,30,6.7,0,50.0,6,5,Burnout Risk,735.81,57.26
2026-07-16,Thursday,0.0,462.36,173.45,0.0,0.0,0.0,100.0,735.81,-735.81,7.8,1.5,47,10.0,8,3,57.26,6312,30,6.6,20,75.0,5,6,Peak Focus,687.9,56.11
2026-07-17,Friday,0.0,453.64,134.26,0.0,0.0,0.0,100.0,687.9,-687.9,8.0,1.5,49,10.7,8,3,56.11,6264,30,6.6,20,75.0,5,6,Peak Focus,4719.34,45.76
2026-07-18,Saturday,0.0,1609.11,0.0,2860.23,0.0,0.0,250.0,4719.34,-4719.34,0.8,2.4,132,7.0,3,1,45.76,8047,60,7.2,30,100.0,2,8,Recovery,4858.48,42.24
2026-07-19,Sunday,0.0,1603.61,0.0,3004.87,0.0,0.0,250.0,4858.48,-4858.48,0.3,1.6,113,5.8,3,1,42.24,8469,45,7.2,30,100.0,2,8,Recovery,714.27,62.36
2026-07-20,Monday,0.0,463.55,150.72,0.0,0.0,0.0,100.0,714.27,-714.27,7.5,1.7,52,10.1,8,3,62.36,6145,30,7.2,20,100.0,3,7,Peak Focus,733.45,58.37
2026-07-21,Tuesday,0.0,475.18,158.27,0.0,0.0,0.0,100.0,733.45,-733.45,8.0,1.9,51,11.5,8,3,58.37,6447,30,7.0,20,100.0,4,6,Peak Focus,747.09,59.78
2026-07-22,Wednesday,0.0,498.36,148.73,0.0,0.0,0.0,100.0,747.09,-747.09,10.0,1.6,42,12.0,9,4,59.78,6435,30,6.8,0,50.0,6,5,Burnout Risk,685.43,55.81
2026-07-23,Thursday,0.0,431.91,153.52,0.0,0.0,0.0,100.0,685.43,-685.43,7.5,1.7,42,10.5,8,3,55.81,6592,30,6.6,20,75.0,5,6,Peak Focus,684.65,56.32
2026-07-24,Friday,0.0,431.09,153.56,0.0,0.0,0.0,100.0,684.65,-684.65,7.8,1.7,38,10.8,8,3,56.32,6390,30,6.6,20,75.0,5,6,Peak Focus,4304.59,42.31
2026-07-25,Saturday,0.0,1500.78,0.0,2553.81,0.0,0.0,250.0,4304.59,-4304.59,0.5,1.4,109,5.8,3,1,42.31,8982,30,7.2,30,100.0,2,8,Recovery,4530.32,45.23
2026-07-26,Sunday,0.0,1430.62,0.0,2849.7,0.0,0.0,250.0,4530.32,-4530.32,0.7,2.3,109,7.2,3,1,45.23,8636,30,7.2,30,100.0,2,8,Recovery,698.93,61.63
2026-07-27,Monday,0.0,440.02,158.91,0.0,0.0,0.0,100.0,698.93,-698.93,7.6,2.0,56,10.6,8,3,61.63,5888,30,7.0,20,100.0,3,7,Peak Focus,683.62,58.41
2026-07-28,Tuesday,0.0,418.77,164.85,0.0,0.0,0.0,100.0,683.62,-683.62,7.7,1.5,42,10.5,8,3,58.41,6377,30,6.7,20,75.0,4,6,Peak Focus,743.14,58.88
2026-07-29,Wednesday,0.0,477.48,165.66,0.0,0.0,0.0,100.0,743.14,-743.14,9.7,1.6,46,12.0,9,4,58.88,6258,30,6.8,0,50.0,6,5,Burnout Risk,716.68,55.22
2026-07-30,Thursday,0.0,447.44,169.24,0.0,0.0,0.0,100.0,716.68,-716.68,7.4,1.4,43,10.1,8,3,55.22,5864,30,6.4,20,75.0,5,6,Peak Focus,687.18,58.14
2026-07-31,Friday,0.0,419.38,167.8,0.0,0.0,0.0,100.0,687.18,-687.18,7.4,1.8,56,10.4,8,3,58.14,5617,30,6.8,20,75.0,4,6,Peak Focus,26984.58,42.17
2026-08-01,Saturday,85000.0,1650.12,0.0,3084.46,22000.0,0.0,250.0,26984.58,58015.42,0.5,1.5,117,6.2,3,1,42.17,8626,45,7.2,30,100.0,2,8,Recovery,4811.63,43.05
2026-08-02,Sunday,0.0,1671.31,0.0,2890.32,0.0,0.0,250.0,4811.63,-4811.63,0.1,2.0,112,5.9,3,1,43.05,8075,45,7.2,30,100.0,2,8,Recovery,670.75,62.0
2026-08-03,Monday,0.0,412.3,158.45,0.0,0.0,0.0,100.0,670.75,-670.75,7.6,1.9,52,10.5,8,3,62.0,6533,30,7.1,20,100.0,3,7,Peak Focus,719.05,59.22
2026-08-04,Tuesday,0.0,448.22,170.83,0.0,0.0,0.0,100.0,719.05,-719.05,8.2,1.8,41,11.3,8,3,59.22,5756,30,6.9,20,75.0,4,6,Peak Focus,680.4,57.66
2026-08-05,Wednesday,0.0,448.72,131.68,0.0,0.0,0.0,100.0,680.4,-680.4,9.5,1.3,39,12.0,9,4,57.66,5597,30,6.7,0,50.0,6,5,Burnout Risk,733.13,57.17
2026-08-06,Thursday,0.0,471.23,161.9,0.0,0.0,0.0,100.0,733.13,-733.13,7.6,1.5,50,9.9,8,3,57.17,6156,30,6.8,20,75.0,5,6,Peak Focus,715.91,58.98
2026-08-07,Friday,0.0,451.44,164.47,0.0,0.0,0.0,100.0,715.91,-715.91,7.3,1.6,50,9.9,8,3,58.98,6384,30,6.9,20,75.0,4,6,Peak Focus,4495.24,44.1
2026-08-08,Saturday,0.0,1608.98,0.0,2636.26,0.0,0.0,250.0,4495.24,-4495.24,0.5,2.0,121,6.3,3,1,44.1,8312,60,7.2,30,100.0,2,8,Recovery,4486.78,42.81
2026-08-09,Sunday,0.0,1493.34,0.0,2743.44,0.0,0.0,250.0,4486.78,-4486.78,0.8,1.7,143,7.1,3,1,42.81,7748,45,7.2,30,100.0,2,8,Recovery,717.14,61.14
2026-08-10,Monday,0.0,453.6,163.54,0.0,0.0,0.0,100.0,717.14,-717.14,7.7,1.9,56,10.8,8,3,61.14,5769,30,7.0,20,100.0,3,7,Peak Focus,707.51,58.9
2026-08-11,Tuesday,0.0,452.54,154.97,0.0,0.0,0.0,100.0,707.51,-707.51,8.1,1.6,57,11.0,8,3,58.9,7038,30,7.1,20,100.0,4,6,Peak Focus,714.72,58.56
2026-08-12,Wednesday,0.0,448.17,166.55,0.0,0.0,0.0,100.0,714.72,-714.72,10.0,1.4,47,12.0,9,4,58.56,6064,30,6.5,0,50.0,6,5,Burnout Risk,745.78,55.24
2026-08-13,Thursday,0.0,492.7,153.08,0.0,0.0,0.0,100.0,745.78,-745.78,7.8,1.3,43,10.3,8,3,55.24,6890,30,6.2,20,75.0,5,6,Peak Focus,695.64,58.55
2026-08-14,Friday,0.0,431.2,164.44,0.0,0.0,0.0,100.0,695.64,-695.64,7.7,1.7,46,10.9,8,3,58.55,6784,30,7.1,20,100.0,4,6,Peak Focus,4703.35,43.48
2026-08-15,Saturday,0.0,1511.92,0.0,2941.43,0.0,0.0,250.0,4703.35,-4703.35,0.1,2.2,116,6.2,3,1,43.48,8948,45,7.2,30,100.0,2,8,Recovery,4585.6,42.17
2026-08-16,Sunday,0.0,1589.3,0.0,2746.3,0.0,0.0,250.0,4585.6,-4585.6,0.4,1.6,117,6.2,3,1,42.17,7944,45,7.2,30,100.0,2,8,Recovery,676.34,62.24
2026-08-17,Monday,0.0,416.72,159.62,0.0,0.0,0.0,100.0,676.34,-676.34,7.4,2.0,51,10.5,8,3,62.24,6364,30,7.3,20,100.0,3,7,Peak Focus,675.29,59.16
2026-08-18,Tuesday,0.0,406.82,168.47,0.0,0.0,0.0,100.0,675.29,-675.29,7.9,1.9,42,11.1,8,3,59.16,6292,30,6.9,20,75.0,4,6,Peak Focus,732.08,59.11
2026-08-19,Wednesday,0.0,481.05,151.03,0.0,0.0,0.0,100.0,732.08,-732.08,9.9,1.6,38,12.0,9,4,59.11,6122,30,6.4,0,50.0,6,5,Burnout Risk,741.12,56.06
2026-08-20,Thursday,0.0,467.83,173.29,0.0,0.0,0.0,100.0,741.12,-741.12,7.6,1.4,36,10.0,8,3,56.06,6339,30,6.2,20,75.0,5,6,Peak Focus,719.16,60.07
2026-08-21,Friday,0.0,457.58,161.58,0.0,0.0,0.0,100.0,719.16,-719.16,7.7,1.6,42,10.1,8,3,60.07,6196,30,6.9,20,75.0,4,6,Peak Focus,4720.07,42.54
2026-08-22,Saturday,0.0,1618.99,0.0,2851.08,0.0,0.0,250.0,4720.07,-4720.07,0.6,1.4,127,5.7,3,1,42.54,7823,60,7.2,30,100.0,2,8,Recovery,4642.5,42.75
2026-08-23,Sunday,0.0,1555.62,0.0,2836.88,0.0,0.0,250.0,4642.5,-4642.5,0.3,1.8,121,6.0,3,1,42.75,7782,30,7.2,30,100.0,2,8,Recovery,763.05,62.99
2026-08-24,Monday,0.0,487.65,175.4,0.0,0.0,0.0,100.0,763.05,-763.05,7.7,2.2,51,10.8,8,3,62.99,5574,30,7.3,20,100.0,3,7,Peak Focus,669.83,59.43
2026-08-25,Tuesday,0.0,418.27,151.56,0.0,0.0,0.0,100.0,669.83,-669.83,7.8,1.7,44,10.6,8,3,59.43,6486,30,6.9,20,75.0,4,6,Peak Focus,785.26,57.44
2026-08-26,Wednesday,0.0,522.42,162.84,0.0,0.0,0.0,100.0,785.26,-785.26,9.2,1.6,36,12.0,9,4,57.44,6508,30,6.4,0,50.0,6,5,Burnout Risk,698.54,56.79
2026-08-27,Thursday,0.0,430.88,167.66,0.0,0.0,0.0,100.0,698.54,-698.54,7.9,1.6,50,10.4,8,3,56.79,5832,30,6.6,20,75.0,5,6,Peak Focus,713.2,59.68
2026-08-28,Friday,0.0,452.41,160.79,0.0,0.0,0.0,100.0,713.2,-713.2,7.6,1.8,41,10.4,8,3,59.68,6275,30,6.9,20,75.0,4,6,Peak Focus,4617.53,43.6
2026-08-29,Saturday,0.0,1539.82,0.0,2827.71,0.0,0.0,250.0,4617.53,-4617.53,0.8,1.8,131,6.9,3,1,43.6,9346,30,7.2,30,100.0,2,8,Recovery,4675.69,43.5
2026-08-30,Sunday,0.0,1470.19,0.0,2955.5,0.0,0.0,250.0,4675.69,-4675.69,1.1,1.3,130,6.3,3,1,43.5,8585,45,7.2,30,100.0,2,8,Recovery,738.85,58.53
2026-08-31,Monday,0.0,476.32,162.53,0.0,0.0,0.0,100.0,738.85,-738.85,7.8,1.7,53,10.9,8,3,58.53,6353,30,7.0,20,100.0,4,6,Peak Focus,22719.58,60.97
2026-09-01,Tuesday,85000.0,467.18,152.4,0.0,22000.0,0.0,100.0,22719.58,62280.42,8.1,1.9,41,10.8,8,3,60.97,6671,30,7.1,20,100.0,4,6,Peak Focus,732.21,58.44
2026-09-02,Wednesday,0.0,475.21,157.0,0.0,0.0,0.0,100.0,732.21,-732.21,9.7,1.5,35,12.0,9,4,58.44,6196,30,6.4,0,50.0,6,5,Burnout Risk,701.69,57.2
2026-09-03,Thursday,0.0,444.52,157.17,0.0,0.0,0.0,100.0,701.69,-701.69,7.5,1.8,37,10.2,8,3,57.2,6065,30,6.6,20,75.0,5,6,Peak Focus,733.82,58.59
2026-09-04,Friday,0.0,490.15,143.67,0.0,0.0,0.0,100.0,733.82,-733.82,8.0,1.7,45,11.1,8,3,58.59,6029,30,6.9,20,75.0,4,6,Peak Focus,4568.78,41.45
2026-09-05,Saturday,0.0,1612.47,0.0,2706.31,0.0,0.0,250.0,4568.78,-4568.78,0.4,1.5,123,6.4,3,1,41.45,8551,30,7.2,30,100.0,2,8,Recovery,4385.35,45.27
2026-09-06,Sunday,0.0,1606.34,0.0,2529.01,0.0,0.0,250.0,4385.35,-4385.35,0.7,2.0,119,6.1,3,1,45.27,7882,45,7.2,30,100.0,2,8,Recovery,715.15,61.54
2026-09-07,Monday,0.0,455.89,159.26,0.0,0.0,0.0,100.0,715.15,-715.15,7.6,1.9,57,10.5,8,3,61.54,6382,30,7.0,20,100.0,3,7,Peak Focus,746.63,58.23
2026-09-08,Tuesday,0.0,485.27,161.36,0.0,0.0,0.0,100.0,746.63,-746.63,7.7,1.5,56,10.6,8,3,58.23,5958,30,7.0,20,100.0,4,6,Peak Focus,729.7,59.07
2026-09-09,Wednesday,0.0,468.74,160.96,0.0,0.0,0.0,100.0,729.7,-729.7,9.8,1.7,43,12.0,9,4,59.07,6527,30,6.5,0,50.0,6,5,Burnout Risk,729.07,55.68
2026-09-10,Thursday,0.0,486.67,142.4,0.0,0.0,0.0,100.0,729.07,-729.07,7.5,1.4,52,10.1,8,3,55.68,6609,30,6.7,20,75.0,5,6,Peak Focus,772.17,58.57
2026-09-11,Friday,0.0,497.04,175.13,0.0,0.0,0.0,100.0,772.17,-772.17,7.7,1.6,47,10.5,8,3,58.57,6779,30,6.8,20,75.0,4,6,Peak Focus,4778.27,40.22
2026-09-12,Saturday,0.0,1510.63,0.0,3017.64,0.0,0.0,250.0,4778.27,-4778.27,0.0,1.4,113,5.5,3,1,40.22,7940,30,7.2,30,100.0,2,8,Recovery,4624.08,42.3
2026-09-13,Sunday,0.0,1470.67,0.0,2903.41,0.0,0.0,250.0,4624.08,-4624.08,0.3,1.7,110,6.2,3,1,42.3,7835,60,7.2,30,100.0,2,8,Recovery,720.0,72.0
